Index,symbol,stockPrice,numberOfShares,marketCapitalization,minusCashAndCashEquivalents,addTotalDebt,enterpriseValue,Company
2022,ASML,510.0644,409800000,209024391120,7268300000,3514200000,205270291120,ASML
2021,ASML,702.99162,409800000,288085965876,6951800000,4584100000,285718265876,ASML
2020,ASML,400.759524,418300000,167637708889.2,6049400000,4678200000,166266508889.2,ASML
2019,ASML,264.1915568,420800000,111171807101.44,3532300000,3108300000,110747807101.44,ASML
2018,ASML,135.9371824,424900000,57759708801.76,3121100000,3026500000,57665108801.76,ASML
2017,ASML,144.6373602,429800000,62165137413.96,2259000000,3025300000,62931437413.96,ASML
2016,ASML,106.09632,425600000,45154593792,2906868000,3319465000,45567190792,ASML
2015,ASML,81.6879294,430600000,35174822399.64,2458717000,1129685000,33845790399.64,ASML
2014,ASML,89.4590029,437142000,39106287445.7118,2419487000,1154137000,37840937445.7118,ASML
2013,ASML,68.164876,429770000,29295218758.520004,2330694000,1074570000,28039094758.520004,ASML
2012,ASML,48.55006,424100000,20590080446,1767596000,759490000,19581974446,ASML
2011,ASML,41.889840768,327725860,13728384090.95586,2731782000,736368000,11732970090.95586,ASML
2010,ASML,37.434273882,335027000,12541492475.864813,1949834000,710060000,11301718475.864813,ASML
2009,ASML,30.901459146,333113550,10293694756.304028,1037074000,663102000,9919722756.304028,ASML
2008,ASML,16.786537425000002,332347400,5578962068.201446,1111814326.7,718788962.5,5185936704.001446,ASML
2007,ASML,27.831057632000004,356052620,9909320987.244596,1273640013.9,604172594.95,9239853568.294598,ASML
2006,ASML,27.222595245999997,325015329,8847760750.112526,1655855726,388838173.41,7580743197.522526,ASML
2005,ASML,24.776189952,331341650,8209383659.409101,1903163392.55,382267262.67,6688487529.5291,ASML
2004,ASML,17.146818243,330846796,5672969877.290899,1227222890,816729051.12,5262476038.410899,ASML
2003,ASML,23.267558892,330066530,7679842425.053084,1026012216.74,858563994.22,7512394202.533085,ASML
2002,ASML,4.9849729919681245,326388325,1627036985.0187147,668318813.97,1083774662.2,2042492833.2487147,ASML
2001,ASML,10.166721233620303,318859435,3241754988.354673,912263136.17,1538105676.21,3867597528.394673,ASML
2000,ASML,13.452271614612325,286495475,3854014946.057375,711165399.76,819296135.2,3962145681.4973745,ASML
1999,ASML,22.61921556950363,284865128,6443425738.466245,603031772,789069260,6629463226.466245,ASML
1998,ASML,6.062267793274603,327476471,1985250063.1985245,150068160,270719550,2105901453.1985245,ASML
1997,ASML,6.708247148281965,320438462,2149580398.911359,34545420,0,2115034978.9113588,ASML
1996,ASML,2.475094744138731,313215119,775237094.8216872,61224414,0,714012680.8216872,ASML
1995,ASML,1.652216427270552,300666667,496766406.3500848,33536130,8812983,472043259.3500848,ASML
2022,AMD,64.77,1561000000,101105970000,4835000000,2863000000,99133970000,AMD
2021,AMD,146.14,1213000000,177267819999.99997,2535000000,661000000,175393819999.99997,AMD
2020,AMD,91.81,1184000000,108703040000,1595000000,531000000,107639040000,AMD
2019,AMD,46.18,1091000000,50382380000,1466000000,728000000,49644380000,AMD
2018,AMD,17.82,982000000,17499240000,1078000000,1250000000,17671240000,AMD
2017,AMD,10.28,952000000,9786560000,1185000000,1395000000,9996560000,AMD
2016,AMD,11.34,835000000,9468900000,1264000000,1435000000,9639900000,AMD
2015,AMD,2.92,783000000,2286360000,785000000,2262000000,3763360000,AMD
2014,AMD,2.65,768000000,2035200000,805000000,2212000000,3442200000,AMD
2013,AMD,3.87,754000000,2917980000,869000000,2058000000,4106980000,AMD
2012,AMD,2.28,741000000,1689479999.9999998,549000000,2042000000,3182480000,AMD
2011,AMD,5.4,727000000,3925800000.0000005,869000000,2016000000,5072800000,AMD
2010,AMD,8.04,711000000,5716439999.999999,606000000,2421000000,7531439999.999999,AMD
2009,AMD,9.91,673000000,6669430000,1657000000,4560000000,9572430000,AMD
2008,AMD,2.18,607000000,1323260000,933000000,4988000000,5378260000,AMD
2007,AMD,7.32,558000000,4084560000,1432000000,5269000000,7921560000,AMD
2006,AMD,20.35,492000000,10012200000,1380000000,3797000000,12429200000,AMD
2005,AMD,30.5,400004000,12200122000,633067000,1370290000,12937345000,AMD
2004,AMD,21.9,358886000,7859603399.999999,918377000,1859096000,8800322400,AMD
2003,AMD,15.28,346934000,5301151520,1185804000,2092940000,6208287520,AMD
2002,AMD,6.35,342334000,2173820900,428748000,1941526000,3686598900,AMD
2001,AMD,15.86,332407000,5271975020,427000000,736000000,5580975020,AMD
2000,AMD,13.81,309331000,4271861110,591457000,1297543000,4977947110,AMD
1999,AMD,14.47,294136000,4256147920,294000000,1475000000,5437147920,AMD
1998,AMD,13.655,287336000,3923573080,362000000,1378000000,4939573080,AMD
1997,AMD,8.69,280906000,2441073140,241000000,670000000,2870073140,AMD
1996,AMD,12.875,271374000,3493940250,166000000,460000000,3787940250,AMD
1995,AMD,8.25,211150000,1741987500,113354000,271896000,1900529500,AMD
1994,AMD,11.4368666119,195020000,2230417726.652738,378000000,108000000,1960417726.652738,AMD
1993,AMD,8.8725691591,190216000,1687704615.1673656,60423000,131703000,1758984615.1673656,AMD
1992,AMD,9.0625171186,181860465,1648113577.2590563,52000000,66400000,1662513577.2590563,AMD
1991,AMD,8.7476033963,175194805,1532534671.2321162,153900000,210600000,1589234671.2321162,AMD
1990,AMD,2.4368323747,164102564,399890440.7264787,49100000,192300000,543090440.7264787,AMD
1989,AMD,3.9389208436,162272727,639179426.7281125,79700000,178800000,738279426.7281125,AMD
1988,AMD,4.313818132,148333333,639883021.4753939,286800000,192200000,545283021.4753939,AMD
1987,AMD,9.9322788277,115542169,1147597038.865235,,,,AMD
1986,AMD,14.2460969597,110909091,1580021664.0981905,15400000,162400000,1727021664.0981905,AMD
2023,NVDA,191.62,2487000000,476558940000,0,11855000000,488413940000,NVDA
2022,NVDA,244.86,2496000000,611170560000,1990000000,11687000000,620867560000,NVDA
2021,NVDA,132.37,2468000000,326689160000,847000000,7718000000,333560160000,NVDA
2020,NVDA,60.05,2436000000,146281800000,10896000000,2643000000,138028800000,NVDA
2019,NVDA,34.5025,2432000000,83910080000,782000000,1988000000,85116080000,NVDA
2018,NVDA,61.7125,2396000000,147863150000,4002000000,2000000000,145861150000,NVDA
2017,NVDA,27.505,2164000000,59520820000,1766000000,2816000000,60570820000,NVDA
2016,NVDA,7.325,2172000000,15909900000,596000000,1510000000,16823900000,NVDA
2015,NVDA,5.1537,2209276000,11385945721.199999,496654000,1398428000,12287719721.199999,NVDA
2014,NVDA,3.865,2351572000,9088825780,1151587000,1373875000,9311113780,NVDA
2013,NVDA,3.1525,2477296000,7809675640,732786000,18998000,7095887640,NVDA
2012,NVDA,3.7,2414584000,8933960800,667876000,21439000,8287523800,NVDA
2011,NVDA,5.98,2300708000,13758233840.000002,665361000,23389000,13116261840.000002,NVDA
2010,NVDA,4.1425,2198296000,9106441180,447221000,24450000,8683670180,NVDA
2009,NVDA,1.9875,2192504000,4357601700,417688000,25634000,3965547700,NVDA
2008,NVDA,6.1475,2200432000,13527155720,726969000,0,12800186720,NVDA
2007,NVDA,5.03,2113367316,10630237599.480001,544414000,0,10085823599.480001,NVDA
2006,NVDA,3.8109,2035262368,7756181358.211201,551756000,0,7204425358.211201,NVDA
2005,NVDA,1.91,1991748124,3804238916.8399997,208512000,856000,3596582916.8399997,NVDA
2004,NVDA,1.8542,1930122940,3578833955.348,214422000,4871000,3369282955.348,NVDA
2003,NVDA,0.7664351819,1841235384,1411187576.4567564,346994000,310556000,1374749576.4567564,NVDA
2002,NVDA,5.2005916188,1715322340,8920690984.944405,333000000,310000000,8897690984.944405,NVDA
2001,NVDA,1.9528034127,1571190404,3068225982.9326916,674000000,301000000,2695225982.9326916,NVDA
2000,NVDA,0.7086848264,1428035982,1012027431.9966235,62000000,3000000,953027431.9966235,NVDA
1999,NVDA,0.3705966523,699120000,259091531.555976,50300000,8400000,217191531.555976,NVDA
2022,INTC,26.43,4108000000,108574440000,11144000000,42007000000,139437440000,INTC
2021,INTC,51.31,4059000000,208267290000,4827000000,38101000000,241541290000,INTC
2020,INTC,47.07,4199000000,197646930000,5865000000,36401000000,228182930000,INTC
2019,INTC,60.08,4417000000,265373360000,4194000000,29001000000,290180360000,INTC
2018,INTC,46.75,4611000000,215564250000,3019000000,26359000000,238904250000,INTC
2017,INTC,46.16,4701000000,216998159999.99997,3433000000,26813000000,240378159999.99997,INTC
2016,INTC,36.27,4730000000,171557100000,5560000000,25283000000,191280100000,INTC
2015,INTC,34.98,4742000000,165875160000,15308000000,22670000000,173237160000,INTC
2014,INTC,37.55,4901000000,184032550000,2561000000,13663000000,195134550000,INTC
2013,INTC,25.6,4970000000,127232000000,5674000000,13446000000,135004000000,INTC
2012,INTC,20.23,4996000000,101069080000,8478000000,13448000000,106039080000,INTC
2011,INTC,24.25,5256000000,127458000000,5065000000,7331000000,129724000000,INTC
2010,INTC,20.84,5555000000,115766200000,5498000000,2115000000,112383200000,INTC
2009,INTC,20.33,5557000000,112973809999.99998,3987000000,2221000000,111207809999.99998,INTC
2008,INTC,14.18,5663000000,80301340000,3350000000,1287000000,78238340000,INTC
2007,INTC,26.76,5816000000,155636160000,7307000000,2122000000,150451160000,INTC
2006,INTC,20.25,5797000000,117389250000,6598000000,2028000000,112819250000,INTC
2005,INTC,24.96,6106000000,152405760000,7324000000,2419000000,147500760000,INTC
2004,INTC,23.54,6400000000,150656000000,8407000000,904000000,143153000000,INTC
2003,INTC,31.36,6527000000,204686720000,7971000000,1160000000,197875720000,INTC
2002,INTC,9.6167571621,6651000000,63961051885.127106,7404000000,1365000000,57922051885.127106,INTC
2001,INTC,18.8354635046,6716000000,126498972896.8936,7970000000,1459000000,119987972896.8936,INTC
2000,INTC,17.5161303422,6709000000,117515718465.81981,2976000000,1085000000,115624718465.81981,INTC
1999,INTC,24.1891196781,6648000000,160809267620.0088,3695000000,1185000000,158299267620.0088,INTC
1998,INTC,18.1581373505,6672000000,121151092402.536,2038000000,861000000,119974092402.536,INTC
1997,INTC,10.2807155185,6540000000,67235879490.99,4102000000,770000000,63903879490.99,INTC
1996,INTC,9.8045805499,7104000000,69651740226.48961,4165000000,1117000000,66603740226.48961,INTC
1995,INTC,4.0998494766,7072000000,28994135498.5152,1463000000,746000000,28277135498.5152,INTC
1994,INTC,2.3014119502,6986259542,16078261197.157578,1180000000,909000000,15807261197.157578,INTC
1993,INTC,2.2254015926,6557142857,14592276156.873514,,,,INTC
1992,INTC,1.5555313287,6665625000,10368588512.865938,,,,INTC
1991,INTC,0.8748267325,6296923077,5508716640.255755,,,,INTC
1990,INTC,0.6873638612,5911818182,4063570172.2918844,,,,INTC
1989,INTC,0.6159494341,5585714286,3440517553.5059857,,,,INTC
1988,INTC,0.4240231611,5032222222,2133778773.930106,,,,INTC
1987,INTC,0.4731205798,4387500000,2075816543.8725,,,,INTC
1986,INTC,0.249950495,4582500000,1145398143.3374999,,,,INTC
1985,INTC,0.3481453323,5568960000,1938807429.765408,,,,INTC
2022,TSM,2277.45726,5186076000,11811066437111.76,1342814083000,888174472000,11356426826111.76,TSM
2021,TSM,3327.6183173100003,5186076000,17257281492561.777,1064990200000,753631900000,16945923192561.777,TSM
2020,TSM,3059.00816,5186076000,15864248802380.16,660170600000,367792300000,15571870502380.16,TSM
2019,TSM,1745.1497,5186076000,9050478975577.2,455399300000,190464100000,8785543775577.199,TSM
2018,TSM,1135.9052499999998,5186076000,5890890955298.999,577814600000,180554700000,5493631055298.999,TSM
2017,TSM,1172.6884,5186076000,6081651166718.4,553391700000,155566800000,5683826266718.4,TSM
2016,TSM,927.7625,5186076000,4811446834950,541253800000,211073600000,4481266634950,TSM
2015,TSM,751.8192499999999,5186057600,3898977935288.7993,562688900000,231471600000,3567760635288.7993,TSM
2014,TSM,707.3199,5185854600,3668058157086.54,358449000000,250674400000,3560283557086.54,TSM
2013,TSM,520.70608,5185555600,2700150329098.0483,242695400000,227228800000,2684683729098.0483,TSM
2012,TSM,497.2968,5184147000,2578059713829.6,143410600000,116950500000,2551599613829.6,TSM
2011,TSM,390.52750000000003,5182815200,2024031863018.0002,143472300000,50947500000,1931507063018.0002,TSM
2010,TSM,364.16161253999996,5181166400,1886781911062.0664,147887000000,36951900000,1775846811062.0664,TSM
2009,TSM,365.50801143999996,5167160400,1888638522595.515,171276300000,12337800000,1729700022595.515,TSM
2008,TSM,258.2239792786,5207838243,1344788714546.7327,195144848610,24564743930,1174208609866.7327,TSM
2007,TSM,319.795473,5322141297,1701996693446.9485,94992537170,15155347429,1622159503705.9485,TSM
2006,TSM,350.7578382677,5235464138,1836380083372.9473,117817476029,20766401381,1739329008724.9473,TSM
2005,TSM,301.3556776243,5160211019,1555058888315.1245,96772432405,21152421240,1479438877150.1245,TSM
2004,TSM,252.4843375314,5104002463,1288680680629.189,74421550560,32361330120,1246620460189.189,TSM
2003,TSM,261.2884580406,5065420623,1323535943910.7253,102818344080,44142618000,1264860217830.7253,TSM
2002,TSM,119.64983740244658,5026271515,601392569510.2988,67908106894.38,46862645235.61,580347107851.5288,TSM
2001,TSM,291.4025118008336,4457587848,1298952295480.0725,40522663177.92,44346719672.64,1302776351974.7925,TSM
2000,TSM,209.1145411116694,4749446996,993178429102.7368,38840228525.5,56224266800.34,1010562467377.5768,TSM
1999,TSM,545.5161942047727,4037936329,2202759658637.271,17646028643.64,33884039416.38,2218997669410.011,TSM
1998,TSM,139.85318079788163,3968452729,555000736996.6837,9661881299,31501792378,576840648075.6837,TSM
1997,TSM,123.63873163491327,3881665081,479924147246.37286,12852879555.04,20317657532.48,487388925223.81287,TSM
2022,AVGO,470.12,409000000,192279080000.0,12416000000.0,39515000000.0,219378080000.0,AVGO
2021,AVGO,528.05,410000000,216500500000.0,12163000000.0,39730000000.0,244067500000.0,AVGO
2020,AVGO,349.63,402000000,140551260000.0,7618000000.0,41062000000.0,173995260000.0,AVGO
2019,AVGO,305.0,398000000,121390000000.0,5055000000.0,32827000000.0,149162000000.0,AVGO
2018,AVGO,220.09,418000000,91997620000.0,4292000000.0,17493000000.0,105198620000.0,AVGO
2017,AVGO,263.91,405000000,106883550000.00003,11204000000.0,17548000000.0,113227550000.00003,AVGO
2016,AVGO,170.28,366000000,62322480000.0,3097000000.0,13642000000.0,72867480000.0,AVGO
2015,AVGO,123.13,264000000,32506320000.0,1822000000.0,3949000000.0,34633320000.0,AVGO
2014,AVGO,86.25,251000000,21648750000.0,1604000000.0,5509000000.0,25553750000.0,AVGO
2013,AVGO,45.43,247000000,11221210000.0,985000000.0,2000000.0,10238210000.0,AVGO
2012,AVGO,33.03,245000000,8092350000.0,1084000000.0,3000000.0,7011350000.0,AVGO
2011,AVGO,33.77,245000000,8273650000.000002,829000000.0,6000000.0,7450650000.000002,AVGO
2010,AVGO,23.83,238000000,5671540000.0,561000000.0,236000000.0,5346540000.0,AVGO
2009,AVGO,15.0,219000000,3285000000.0,472000000.0,596000000.0,3409000000.0,AVGO
2008,AVGO,16.18,214000000,3462520000.0,213000000.0,705000000.0,3954520000.0,AVGO
2007,AVGO,16.18,214000000,3462520000.0,309000000.0,905000000.0,4058520000.0,AVGO
2022,TXN,165.22,923000000,152498060000.0,3050000000.0,9079000000.0,158527060000.0,TXN
2021,TXN,188.47,923000000,173957810000.0,4631000000.0,8124000000.0,177450810000.0,TXN
2020,TXN,164.13,921000000,151163730000.0,3107000000.0,7047000000.0,155103730000.0,TXN
2019,TXN,128.29,936000000,120079440000.0,2437000000.0,6062000000.0,123704440000.0,TXN
2018,TXN,94.5,970000000,91665000000.0,2438000000.0,5068000000.0,94295000000.0,TXN
2017,TXN,104.44,991000000,103500040000.0,1656000000.0,4077000000.0,105921040000.0,TXN
2016,TXN,72.97,995983961,72676949634.17,1154000000.0,3609000000.0,75131949634.17,TXN
2015,TXN,54.81,1011268412,55427621661.72,1000000000.0,4120000000.0,58547621661.72,TXN
2014,TXN,53.465,1046626812,55957902503.58,1199000000.0,4642000000.0,59400902503.58,TXN
2013,TXN,43.91,1098000000,48213180000.0,1627000000.0,5158000000.0,51744180000.0,TXN
2012,TXN,30.89,1132000000,34967480000.0,1416000000.0,5686000000.0,39237480000.0,TXN
2011,TXN,29.11,1151000000,33505610000.0,992000000.0,5592000000.0,38105610000.0,TXN
2010,TXN,32.5,1199000000,38967500000.0,1319000000.0,0.0,37648500000.0,TXN
2009,TXN,26.06,1260000000,32835600000.0,1182000000.0,0.0,31653600000.0,TXN
2008,TXN,15.52,1308000000,20300160000.0,1046000000.0,0.0,19254160000.0,TXN
2007,TXN,33.4,1417000000,47327800000.0,1328000000.0,0.0,45999800000.0,TXN
2006,TXN,28.8,1528000000,44006400000.0,1183000000.0,43000000.0,42866400000.0,TXN
2005,TXN,32.07,1640000000,52594800000.0,1219000000.0,661000000.0,52036800000.0,TXN
2004,TXN,24.62,1730000000,42592600000.0,2668000000.0,379000000.0,40303600000.0,TXN
2003,TXN,29.38,1736231884,51010492751.92,1818000000.0,832000000.0,50024492751.92,TXN
2002,TXN,10.1548531182,1720000000,17466347363.304,949000000.0,1255000000.0,17772347363.304,TXN
2001,TXN,18.8727148001,1675000000,31611797290.1675,431000000.0,1249000000.0,32429797290.1675,TXN
2000,TXN,31.8570548595,1717977528,54729704356.884186,745000000.0,1364000000.0,55348704356.884186,TXN
1999,TXN,32.4371051301,1606857143,52121794076.54313,662000000.0,1410000000.0,52869794076.54313,TXN
1998,TXN,14.3207511526,1565384615,22417483529.52356,540000000.0,1294000000.0,23171483529.52356,TXN
1997,TXN,7.500056361,1539445629,11545928982.195095,1015000000.0,1357000000.0,11887928982.195095,TXN
1996,TXN,5.2743513862,1527272727,8055373024.757905,964000000.0,2011000000.0,9102373024.757904,TXN
1995,TXN,4.209159247300001,1546003552,6507375147.259446,1364000000.0,831000000.0,5974375147.259446,TXN
1994,TXN,3.0277306598,1520770289,4604482830.518207,760000000.0,820000000.0,4664482830.518207,TXN
1993,TXN,2.5348586933,1375200000,3485937675.0261602,,,,TXN
1992,TXN,1.8409293934,1312500000,2416219828.8375,,,,TXN
1991,TXN,1.1919317454,1302941176,1553016950.0632086,,,,TXN
1990,TXN,1.4403689537,1250000000,1800461192.125,,,,TXN
1989,TXN,1.3318459398,1331578947,1773458014.0851095,,,,TXN
1988,TXN,1.4937547289,1291923077,1929816205.6437886,,,,TXN
1987,TXN,1.9985308816999998,1272105263,2542341652.878601,,,,TXN
1986,TXN,1.4037900444,946666667,1328921242.4999301,,,,TXN
1985,TXN,1.2537022745,1187000000,1488144599.8314998,,,,TXN
2022,QCOM,119.74,1123000000,134468020000.0,2773000000.0,15482000000.0,147177020000.0,QCOM
2021,QCOM,133.48,1131000000,150965880000.0,7116000000.0,15745000000.0,159594880000.0,QCOM
2020,QCOM,118.47,1135000000,134463450000.0,6707000000.0,15726000000.0,143482450000.0,QCOM
2019,QCOM,76.28,1210000000,92298800000.0,11839000000.0,15933000000.0,96392800000.0,QCOM
2018,QCOM,72.6,1463000000,106213799999.99997,11777000000.0,16370000000.0,110806799999.99997,QCOM
2017,QCOM,51.62,1477000000,76242740000.0,35029000000.0,21893000000.0,63106740000.0,QCOM
2016,QCOM,62.31,1484000000,92468040000.0,5946000000.0,11757000000.0,98279040000.0,QCOM
2015,QCOM,52.54,1618000000,85009720000.0,7560000000.0,10969000000.0,88418720000.0,QCOM
2014,QCOM,74.82,1683000000,125922059999.99997,7907000000.0,0.0,118015059999.99997,QCOM
2013,QCOM,67.32,1715000000,115453799999.99997,6142000000.0,17000000.0,109328799999.99997,QCOM
2012,QCOM,61.91,1700000000,105247000000.0,3807000000.0,0.0,101440000000.0,QCOM
2011,QCOM,50.58,1658000000,83861640000.0,5462000000.0,994000000.0,79393640000.0,QCOM
2010,QCOM,44.59,1643000000,73261370000.0,3547000000.0,1086000000.0,70800370000.0,QCOM
2009,QCOM,45.97,1656000000,76126320000.0,2717000000.0,170000000.0,73579320000.0,QCOM
2008,QCOM,39.88,1632000000,65084160000.000015,1840000000.0,173000000.0,63417160000.000015,QCOM
2007,QCOM,42.09,1660000000,69869400000.0,2411000000.0,0.0,67458400000.0,QCOM
2006,QCOM,38.67,1659000000,64153530000.0,1607000000.0,0.0,62546530000.0,QCOM
2005,QCOM,44.4,1638000000,72727200000.0,2070000000.0,0.0,70657200000.0,QCOM
2004,QCOM,39.04,1616000000,63088640000.0,1214000000.0,0.0,61874640000.0,QCOM
2003,QCOM,13.8538576988,1579172000,21877624169.929398,2045094000.0,225927000.0,20058457169.929398,QCOM
2002,QCOM,9.1394690678,1541774000,14090995782.53828,,,,QCOM
2001,QCOM,14.8243379521,1511938000,22413479874.62217,1388602000.0,0.0,21024877874.62217,QCOM
2000,QCOM,23.576653551,1434410000,33818587620.089912,716871000.0,0.0,33101716620.089912,QCOM
1999,QCOM,15.651588953900001,1189424000,18616375539.903557,660016000.0,115894000.0,18072253539.903557,QCOM
1998,QCOM,1.9829206513,1107248000,2195584925.3106217,175846000.0,157921000.0,2177659925.3106217,QCOM
1997,QCOM,2.6368625681999998,1158880000,3055807293.0356164,248837000.0,120967000.0,2927937293.0356164,QCOM
1996,QCOM,1.7579083788,1123424000,1974876462.5450113,110100000.0,93800000.0,1958576462.5450113,QCOM
1995,QCOM,1.8977137981,862857143,1637455906.0602448,500600000.0,34500000.0,1171355906.0602448,QCOM
1994,QCOM,1.0468861428,760000000,795633468.528,,,,QCOM
1993,QCOM,1.71137551,806666667,1380509578.6371253,,,,QCOM
1992,QCOM,0.3722629508,700000000,260584065.56,,,,QCOM
1991,QCOM,0.5625,650640000,365985000.0,,,,QCOM
1990,QCOM,0.5625,488571429,274821428.8125,,,,QCOM
2022,LRCX,449.79,139899000,62925171210.0,3522001000.0,5000995000.0,64404165210.0,LRCX
2021,LRCX,646.96,143609000,92909278640.0,4418263000.0,4995061000.0,93486076640.0,LRCX
2020,LRCX,308.46,144814000,44669326440.0,4915172000.0,5810725000.0,45564879440.0,LRCX
2019,LRCX,191.34,152478000,29175140520.0,3658219000.0,4489899000.0,30006820520.0,LRCX
2018,LRCX,171.01,161643000,27642569430.0,4512257000.0,2416592000.0,25546904430.0,LRCX
2017,LRCX,148.99,162222000,24169455780.0,2377534000.0,2693413000.0,24485334780.0,LRCX
2016,LRCX,79.96,158919000,12707163239.999998,5039322000.0,4333075000.0,12000916239.999998,LRCX
2015,LRCX,80.2,159629000,12802245800.0,1501539000.0,2361032000.0,13661738800.0,LRCX
2014,LRCX,67.58,164741000,11133196780.0,1452677000.0,1335469000.0,11015988780.0,LRCX
2013,LRCX,44.21,168932000,7468483720.0,1162473000.0,1303911000.0,7609921720.0,LRCX
2012,LRCX,36.44,124176000,4524973440.0,1564752000.0,1272922000.0,4233143440.0,LRCX
2011,LRCX,43.33,123529000,5352511570.0,1492132000.0,743270000.0,4603649570.0,LRCX
2010,LRCX,40.79,126933000,5177597070.0,545767000.0,22612000.0,4654442070.0,LRCX
2009,LRCX,25.44,125595000,3195136800.0,374167000.0,46234000.0,2867203800.0,LRCX
2008,LRCX,36.15,124647000,4505989050.0,732537000.0,306330000.0,4079782050.0,LRCX
2007,LRCX,52.4,138714000,7268613600.0,573967000.0,250000000.0,6944646600.0,LRCX
2006,LRCX,43.84,138581000,6075391040.0,910815000.0,350000000.0,5514576040.0,LRCX
2005,LRCX,28.4,137727000,3911446800.0,482250000.0,2786000.0,3431982800.0,LRCX
2004,LRCX,25.51,131776000,3361605760.0,163403000.0,12054000.0,3210256760.0,LRCX
2003,LRCX,16.0307933025,126300000,2024689194.10575,167343000.0,337220000.0,2194566194.10575,LRCX
2002,LRCX,14.8017072881,126356000,1870284526.095164,172431000.0,674982000.0,2372835526.095164,LRCX
2001,LRCX,25.0382379512,123856000,3101135999.683827,222000000.0,669000000.0,3548135999.6838274,LRCX
2000,LRCX,35.336222915,120949000,4273880825.346335,70000000.0,329000000.0,4532880825.346334,LRCX
1999,LRCX,13.6633395271,115476000,1577787795.2313993,37965000.0,347066000.0,1886888795.2313995,LRCX
1998,LRCX,5.5981941562,114171000,639151425.0075103,13509000.0,351538000.0,977180425.0075102,LRCX
1997,LRCX,10.8657056467,91800000,997471778.36706,125725000.0,101547000.0,973293778.36706,LRCX
1996,LRCX,7.5354678266,86100000,648803779.87026,62879000.0,90822000.0,676746779.87026,LRCX
1995,LRCX,18.728929743800002,81900000,1533899346.0172198,43675000.0,103500000.0,1593724346.0172198,LRCX
1994,LRCX,8.1939067629,77142857,632101377.6817275,,,,LRCX
1993,LRCX,7.7315363098,72692308,562023218.745165,,,,LRCX
1992,LRCX,2.3177050558000003,61875000,143408000.32762498,,,,LRCX
1991,LRCX,1.7070639089,55454545,94664452.35397094,,,,LRCX
1990,LRCX,1.1939692712,51764706,61805468.29670227,,,,LRCX
1989,LRCX,1.7222220000000001,48947368,84298234.011696,,,,LRCX
1988,LRCX,1.833333,46000000,84333318.0,,,,LRCX
1987,LRCX,1.888889,33750000,63750003.75,,,,LRCX
1986,LRCX,1.916667,34000000,65166678.0,,,,LRCX
2022,MU,57.31,1112000000,63728720000.0,8262000000.0,7516000000.0,62982720000.0,MU
2021,MU,73.99,1120000000,82868800000.0,7763000000.0,7280000000.0,82385800000.0,MU
2020,MU,46.33,1110000000,51426300000.0,7624000000.0,7176000000.0,50978300000.0,MU
2019,MU,44.67,1114000000,49762380000.0,7152000000.0,5851000000.0,48461380000.0,MU
2018,MU,52.76,1152000000,60779520000.0,6506000000.0,4639000000.0,58912520000.0,MU
2017,MU,31.97,1089000000,34815330000.0,5109000000.0,11155000000.0,40861330000.0,MU
2016,MU,16.64,1036000000,17239040000.0,4140000000.0,9910000000.0,23009040000.0,MU
2015,MU,16.59,1070000000,17751300000.0,2287000000.0,7390000000.0,22854300000.0,MU
2014,MU,32.81,1060000000,34778600000.0,4150000000.0,6650000000.0,37278600000.0,MU
2013,MU,13.57,1021700000,13864469000.0,2880000000.0,6037000000.0,17021469000.0,MU
2012,MU,6.18,991200000,6125616000.0,2459000000.0,3262000000.0,6928616000.0,MU
2011,MU,5.74,988000000,5671120000.0,2160000000.0,2001000000.0,5512120000.0,MU
2010,MU,6.83,887500000,6061625000.0,2913000000.0,2360000000.0,5508625000.0,MU
2009,MU,7.17,800700000,5741019000.0,1485000000.0,3098000000.0,7354019000.0,MU
2008,MU,4.24,772500000,3275400000.0,1243000000.0,2726000000.0,4758400000.0,MU
2007,MU,11.45,769100000,8806195000.0,2192000000.0,2410000000.0,9024195000.0,MU
2006,MU,17.28,692000000,11957760000.0,1431000000.0,571000000.0,11097760000.0,MU
2005,MU,11.62,647700000,7526273999.999998,524500000.0,1167200000.0,8168973999.999998,MU
2004,MU,11.65,641500000,7473475000.0,486100000.0,1098500000.0,8085875000.0,MU
2003,MU,14.0449003986,607500000,8532276992.1495,570300000.0,1086000000.0,9047976992.1495,MU
2002,MU,17.0736104211,601500000,10269776668.29165,398000000.0,454000000.0,10325776668.29165,MU
2001,MU,36.3544180155,592400000,21536357232.3822,469000000.0,531000000.0,21598357232.3822,MU
2000,MU,80.8051915815,550900000,44515580042.24835,701700000.0,981600000.0,44795480042.24835,MU
1999,MU,37.2402662084,521400000,19417074801.05976,295000000.0,1639000000.0,20761074801.05976,MU
1998,MU,12.312794993499999,424400000,5225550195.241401,559000000.0,767000000.0,5433550195.241401,MU
1997,MU,22.4579837945,432600000,9715323789.5007,620000000.0,773000000.0,9868323789.5007,MU
1996,MU,11.134963318099999,430000000,4788034226.783,276000000.0,405000000.0,4917034226.783,MU
1995,MU,37.917952022899996,427800000,16221299875.396622,128100000.0,155900000.0,16249099875.396622,MU
1994,MU,9.6973055438,418000000,4053473717.3084,78000000.0,155000000.0,4130473717.3084,MU
1993,MU,5.2216380558,400384615,2090663542.6408317,,,,MU
1992,MU,1.4877359363999998,330000000,490952859.01199996,,,,MU
1991,MU,1.3729807837999999,450000000,617841352.71,,,,MU
1990,MU,0.8745100534,368972000,322669723.4231048,,,,MU
1989,MU,1.3972727297999998,365862069,511209091.881906,,,,MU
1988,MU,1.7125,288235294,493602940.975,,,,MU
1987,MU,1.2,229000000,274800000.0,,,,MU
1986,MU,1.0125,188333333,190687499.6625,,,,MU
1985,MU,0.7375,191600000,141305000.0,,,,MU
2022,NXPI,158.03,261879000,41384738370.0,3845000000.0,11165000000.0,48704738370.0,NXPI
2021,NXPI,227.78,270687000,61657084860.0,2830000000.0,10572000000.0,69399084860.0,NXPI
2020,NXPI,159.01,279763000,44485114630.0,2275000000.0,7609000000.0,49819114630.0,NXPI
2019,NXPI,127.26,282056000,35894446560.0,1045000000.0,7365000000.0,42214446560.0,NXPI
2018,NXPI,73.28,325781000,23873231680.0,2789000000.0,7354000000.0,28438231680.0,NXPI
2017,NXPI,117.09,338646000,39652060140.0,3547000000.0,6565000000.0,42670060140.0,NXPI
2016,NXPI,98.01,338477000,33174130770.0,1894000000.0,9187000000.0,40467130770.0,NXPI
2015,NXPI,84.25,239764000,20200117000.0,1614000000.0,9212000000.0,27798117000.0,NXPI
2014,NXPI,76.4,237954000,18179685600.0,1185000000.0,3999000000.0,20993685600.0,NXPI
2013,NXPI,45.93,248526000,11414799180.0,670000000.0,3321000000.0,14065799180.0,NXPI
2012,NXPI,26.3201,248064000,6529069286.4,617000000.0,3492000000.0,9404069286.4,NXPI
2011,NXPI,15.37,248812000,3824240440.0,743000000.0,3799000000.0,6880240440.0,NXPI
2010,NXPI,20.93,229280000,4798830400.0,898000000.0,4551000000.0,8451830400.0,NXPI
2009,NXPI,14.0,215252000,3013528000.0,1041000000.0,5283000000.0,7255528000.0,NXPI
2008,NXPI,14.0,180210000,2522940000.0,1796000000.0,6367000000.0,7093940000.0,NXPI
2022,STM,35.57,906178490,32232768889.3,3258000000.0,2717000000.0,31691768889.3,STM
2021,STM,48.88,904332429,44203769129.52,3225000000.0,2742000000.0,43720769129.52,STM
2020,STM,37.12,894578477,33206753066.24,3006000000.0,2621000000.0,32821753066.24,STM
2019,STM,26.91,897391304,24148799990.64,2597000000.0,346000000.0,21897799990.64,STM
2018,STM,13.88,899363170,12483160799.6,2266000000.0,292000000.0,10509160799.6,STM
2017,STM,21.84,884707764,19322017565.76,1759000000.0,236000000.0,17799017565.76,STM
2016,STM,11.35,881246870,10002151974.5,1629000000.0,234000000.0,8607151974.5,STM
2015,STM,6.66,876510959,5837562986.940001,1771000000.0,382000000.0,4448562986.940001,STM
2014,STM,7.47,886532167,6622395287.49,0.0,404000000.0,7026395287.49,STM
2013,STM,8.0,892857143,7142857144.0,1836000000.0,450000000.0,5756857144.0,STM
2012,STM,7.24,883969466,6399938933.84,2250000000.0,1260000000.0,5409938933.84,STM
2011,STM,5.93,878378378,5208783781.54,1912000000.0,1473000000.0,4769783781.54,STM
2010,STM,10.44,882978723,9218297868.12,1892000000.0,1440000000.0,8766297868.119999,STM
2009,STM,9.27,876928190,8129124321.299998,1588000000.0,352000000.0,6893124321.299999,STM
2008,STM,6.65,893181818,5939659089.700001,1009000000.0,266000000.0,5196659089.700001,STM
2007,STM,14.3,900000000,12870000000.0,1855000000.0,206000000.0,11221000000.0,STM
2006,STM,18.4,898850575,16538850579.999996,1963000000.0,272000000.0,14847850579.999996,STM
2005,STM,18.0,886666667,15960000006.0,2027000000.0,3055000000.0,16988000006.0,STM
2004,STM,19.32,897014925,17330328351.0,1950000000.0,324000000.0,15704328351.0,STM
2003,STM,27.01,872413793,23563896548.93,2562000000.0,297000000.0,21298896548.93,STM
2002,STM,12.5777067404,893750000,11241325399.2325,2562000000.0,311000000.0,8990325399.2325,STM
2001,STM,20.3970510161,886437931,18080719701.21313,2438816000.0,225806000.0,15867709701.21313,STM
2000,STM,27.549996443,885428659,24393556405.980263,,,,STM
1999,STM,32.4739557852,859558115,27913252221.319855,,,,STM
1998,STM,8.360547264,844769178,7062732639.839428,,,,STM
1997,STM,6.5397772988,835384932,5463231414.053182,,,,STM
1996,STM,7.4972880923,834058667,6253178112.378711,,,,STM
1995,STM,4.3109406531,783882474,3379270824.4192038,,,,STM
2022,GFS,53.89,539000000,29046710000.0,2352000000.0,2511000000.0,29205710000.0,GFS
2021,GFS,64.97,508000000,33004760000.0,2939187000.0,2438617000.0,32504190000.0,GFS
2020,GFS,46.4,531845744,24677642521.6,908077000.0,2802467000.0,26572032521.6,GFS
2019,GFS,46.4,531845744,24677642521.6,997315000.0,3248336000.0,26928663521.6,GFS
2018,GFS,46.4,531845744,24677642521.6,,,,GFS
2021,UMC,323.6068017,2443669400,790788038946.158,132622131000.0,46822473000.0,704988380946.158,UMC
2020,UMC,236.49522000000002,2414593800,571039891941.636,94048036000.0,41405408000.0,518397263941.636,UMC
2019,UMC,80.49916,2357021600,189738258901.856,95492477000.0,65934121000.0,160179902901.85602,UMC
2018,UMC,55.08725,2420776000,133353892706.0,83661739000.0,80186809000.0,129878962706.0,UMC
2017,UMC,70.68664000000003,2441648000,172591893182.72006,81674572000.0,78764685000.0,169682006182.72006,UMC
2016,UMC,56.4725,2457891200,138803260792.0,57578981000.0,81279493000.0,162503772792.0,UMC
2015,UMC,62.12836,2501502200,155414229222.392,53290433000.0,53029456000.0,155153252222.392,UMC
2014,UMC,71.74335,2498994000,179286201189.90002,45701335000.0,39652044000.0,173236910189.90002,UMC
2013,UMC,60.908280000000005,2501502400,152362208599.87198,50830678000.0,33058778000.0,134590308599.872,UMC
2012,UMC,57.6702,2524963400,145615144270.68,42592725000.0,37927428000.0,140949847270.68,UMC
2011,UMC,64.735,2512249800,162630490803.0,49070128000.0,30507263000.0,144067625803.0,UMC
2010,UMC,91.76640316,2499297000,229351496118.5785,51271105000.0,10923505000.0,189003896118.57852,UMC
2009,UMC,123.96600388,2539814400,314850641764.8799,66152960000.0,13695819000.0,262393500764.8799,UMC
2008,UMC,64.38599608,2622197000,168832765762.98776,48613030379.3,8337657770.25,128557393153.93774,UMC
2007,UMC,107.89136699999999,3264051411,352162968691.06885,47680675401.78,30745507062.11,335227800351.3988,UMC
2006,UMC,156.8421148148,2630687484,412602588407.3853,93838717965.52,39787779863.59,358551650305.4553,UMC
2005,UMC,135.5348408383,2683146863,363659883022.48895,108908312805.0,47952413725.0,302703983942.4889,UMC
2004,UMC,143.1486981834,2731267386,390977370696.67786,101542627292.4,72840948395.04,362275691799.3178,UMC
2003,UMC,181.69529402610002,2684013243,487672575356.8312,118570127975.4,83155150715.34,452257598096.7711,UMC
2002,UMC,38.488568950518456,2690778184,103564201665.4348,81075968257.74,71451098331.59,93939331739.2848,UMC
2001,UMC,79.89743240003473,2692687152,215138789701.36206,76904067018.24,65168995398.320015,203403718081.442,UMC
2000,UMC,62.539142697457606,2594347710,162248281642.51236,62756683470.16,49125326999.3,148616925171.65234,UMC
1999,UMC,106.12703003311672,1831287507,194349104254.66046,27282783865.91,20887730353.67,187954050742.4204,UMC
